{
  "project_info": {
    "project_number": "869763645660",
    "project_id": "juegos-app-7f4c2",
    "storage_bucket": "juegos-app-7f4c2.firebasestorage.app"
  },
  "client": [
    {
      "client_info": {
        "mobilesdk_app_id": "1:869763645660:android:958b2a29bc9e59417ef419",
        "android_client_info": {
          "package_name": "com.devst.juegos"
        }
      },
      "oauth_client": [],
      "api_key": [
        {
          "current_key": "AIzaSyC5gJgel929PAwDO2WhYtmNM-8RvWl1dpo"
        }
      ],
      "services": {
        "appinvite_service": {
          "other_platform_oauth_client": []
        }
      }
    }
  ],
  "configuration_version": "1"
}